City_ID,City,Country,Date,Lat,Lng,Max Temp,Humidity,Cloudiness,Wind Speed
0,Kloulklubed,PW,2021-04-13 19:27:29,7.0419,134.2556,75.2,88,90,5.75
1,Georgetown,MY,2021-04-13 19:27:29,5.4112,100.3354,79.0,88,20,2.3
2,Borovsk,RU,2021-04-13 19:27:29,55.2064,36.4861,60.8,36,0,8.95
3,Lebu,CL,2021-04-13 19:27:30,-37.6167,-73.65,62.4,79,87,16.15
4,Komsomolskiy,UZ,2021-04-13 19:27:30,40.4272,71.7189,55.4,58,65,4.81
5,Albany,US,2021-04-13 19:27:30,42.6001,-73.9662,64.99,39,99,1.99
6,San Cristobal,VE,2021-04-13 19:27:31,7.7669,-72.225,98.6,28,40,17.27
7,Sosnovo-Ozerskoye,RU,2021-04-13 19:27:31,52.5249,111.5418,29.23,70,96,17.25
8,Clyde River,CA,2021-04-13 19:27:31,70.4692,-68.5914,5.0,85,75,14.97
9,Geraldton,AU,2021-04-13 19:25:27,-28.7667,114.6,57.2,77,0,9.22
10,Xinqing,CN,2021-04-13 19:27:32,48.2333,129.5,22.89,48,99,8.28
11,New Norfolk,AU,2021-04-13 19:23:41,-42.7826,147.0587,57.99,80,100,1.99
12,Tasiilaq,GL,2021-04-13 19:27:32,65.6145,-37.6368,33.8,75,20,6.91
13,Mataura,NZ,2021-04-13 19:27:33,-46.1927,168.8643,51.01,96,100,5.99
14,Klaksvik,FO,2021-04-13 19:27:33,62.2266,-6.589,42.8,93,75,10.36
15,Ushuaia,AR,2021-04-13 19:27:33,-54.8,-68.3,48.2,57,90,4.61
16,Repnoye,RU,2021-04-13 19:27:34,51.5921,43.1861,54.0,59,100,9.28
17,Hobart,AU,2021-04-13 19:23:54,-42.8794,147.3294,59.0,67,90,14.97
18,Llanes,ES,2021-04-13 19:27:34,43.4198,-4.7549,55.99,65,97,11.34
19,Lima,PE,2021-04-13 19:23:41,-12.0432,-77.0282,71.6,73,20,10.36
20,Jamestown,US,2021-04-13 19:27:35,42.097,-79.2353,64.99,41,1,5.75
21,Bethel,US,2021-04-13 19:27:35,41.3712,-73.414,63.0,48,75,10.36
22,Alta Floresta,BR,2021-04-13 19:27:35,-9.8756,-56.0861,91.4,52,40,4.61
23,Korla,CN,2021-04-13 19:27:35,41.7597,86.1469,55.85,32,99,5.26
24,Sitka,US,2021-04-13 19:27:36,57.0531,-135.33,42.8,75,75,13.8
25,Bonavista,CA,2021-04-13 19:27:36,48.6499,-53.1147,39.2,81,18,8.05
26,La Ronge,CA,2021-04-13 19:27:36,55.1001,-105.2842,33.8,29,92,6.91
27,Qaanaaq,GL,2021-04-13 19:27:37,77.484,-69.3632,-3.53,97,95,5.1
28,Camacupa,AO,2021-04-13 19:27:37,-12.0167,17.4833,62.71,91,96,1.97
29,Ixtapa,MX,2021-04-13 19:24:22,20.7,-105.2,80.6,69,1,12.66
30,Chipinge,ZW,2021-04-13 19:27:38,-20.1883,32.6236,60.53,76,0,2.77
31,Kapaa,US,2021-04-13 19:27:38,22.0752,-159.319,75.2,60,20,13.8
32,Kodinsk,RU,2021-04-13 19:27:38,58.6881,99.1844,29.35,91,100,9.06
33,Sur,OM,2021-04-13 19:27:39,22.5667,59.5289,84.16,45,3,7.83
34,Norman Wells,CA,2021-04-13 19:27:39,65.282,-126.8329,28.4,43,20,10.36
35,Kavieng,PG,2021-04-13 19:24:05,-2.5744,150.7967,80.38,73,60,4.99
36,Khandyga,RU,2021-04-13 19:27:39,62.6667,135.6,-13.97,99,53,2.53
37,Rio Gallegos,AR,2021-04-13 19:27:40,-51.6226,-69.2181,53.6,82,90,23.02
38,Farap,TM,2021-04-13 19:27:40,39.1704,63.6116,57.2,44,0,2.3
39,Boyuibe,BO,2021-04-13 19:27:40,-20.4167,-63.2833,78.8,44,75,4.97
40,Ronne,DK,2021-04-13 19:27:41,55.1009,14.7066,39.2,87,11,9.22
41,Rikitea,PF,2021-04-13 19:27:41,-23.1203,-134.9692,78.51,64,51,9.84
42,Agadez,NE,2021-04-13 19:27:41,19.75,10.25,88.59,7,0,11.27
43,Haicheng,CN,2021-04-13 19:25:04,40.8516,122.7475,40.08,43,5,12.68
44,Bernalillo,US,2021-04-13 19:27:42,35.05,-106.6673,63.0,24,75,18.41
45,Bilma,NE,2021-04-13 19:27:42,18.6853,12.9164,89.06,6,0,9.55
46,Ballina,AU,2021-04-13 19:26:04,-28.8667,153.5667,53.01,100,2,5.23
47,Cape Town,ZA,2021-04-13 19:24:23,-33.9258,18.4232,66.99,94,75,12.66
48,Bredasdorp,ZA,2021-04-13 19:27:42,-34.5322,20.0403,64.4,88,22,3.6
49,Atuona,PF,2021-04-13 19:27:43,-9.8,-139.0333,80.56,77,38,19.17
50,Saint-Philippe,RE,2021-04-13 19:27:43,-21.3585,55.7679,78.8,73,0,4.61
51,Vaini,TO,2021-04-13 19:27:43,-21.2,-175.2,68.0,94,20,2.3
52,Gravdal,NO,2021-04-13 19:27:44,68.1214,13.5031,33.8,86,75,6.91
53,Punta Arenas,CL,2021-04-13 19:23:39,-53.15,-70.9167,50.0,76,90,9.22
54,Mukhen,RU,2021-04-13 19:27:44,48.1,136.1,23.86,64,95,12.57
55,Chuy,UY,2021-04-13 19:27:45,-33.6971,-53.4616,70.59,56,0,3.71
56,Luderitz,NA,2021-04-13 19:25:24,-26.6481,15.1594,79.72,33,1,6.64
57,Itupiranga,BR,2021-04-13 19:27:45,-5.1347,-49.3267,84.2,84,75,3.44
58,Severo-Kurilsk,RU,2021-04-13 19:23:49,50.6789,156.125,37.04,91,100,13.18
59,Arman,RU,2021-04-13 19:27:46,59.7,150.1667,3.33,80,100,10.13
60,Hualmay,PE,2021-04-13 19:27:46,-11.0964,-77.6139,72.25,76,86,9.04
61,Bluff,NZ,2021-04-13 19:27:46,-46.6,168.3333,51.01,96,100,5.99
62,Havdrup,DK,2021-04-13 19:27:46,55.5448,12.1239,39.0,81,75,5.75
63,Sindhnur,IN,2021-04-13 19:27:47,15.7833,76.7667,88.38,32,73,8.9
64,Samarai,PG,2021-04-13 19:23:10,-10.6167,150.6667,79.66,72,100,10.63
65,Lavrentiya,RU,2021-04-13 19:27:47,65.5833,-171.0,19.81,93,100,7.83
66,Guerrero Negro,MX,2021-04-13 19:27:48,27.9769,-114.0611,65.32,56,1,16.89
67,Lady Frere,ZA,2021-04-13 19:27:48,-31.7031,27.2329,67.48,46,9,5.91
68,Port Alfred,ZA,2021-04-13 19:27:48,-33.5906,26.891,71.92,90,9,9.19
69,Butaritari,KI,2021-04-13 19:27:48,3.0707,172.7902,82.18,75,100,10.45
70,Srednekolymsk,RU,2021-04-13 19:27:49,67.45,153.6833,-19.16,99,49,2.57
71,Peniche,PT,2021-04-13 19:27:49,39.3558,-9.3811,62.01,90,100,5.99
72,Saint Anthony,US,2021-04-13 19:23:07,45.0205,-93.218,35.6,64,90,18.41
73,Boda,CF,2021-04-13 19:27:49,4.3189,17.4695,74.16,78,98,1.32
74,Mlonggo,ID,2021-04-13 19:27:50,-6.5333,110.7,77.54,83,27,3.42
75,Telimele,GN,2021-04-13 19:27:50,10.9167,-13.3333,73.51,75,100,4.65
76,Bismarck,US,2021-04-13 19:27:50,46.8083,-100.7837,28.4,69,90,20.71
77,Pochinok,RU,2021-04-13 19:27:51,54.4068,32.4407,52.61,89,100,5.1
78,Ulaanbaatar,MN,2021-04-13 19:27:51,47.9077,106.8832,23.0,80,0,3.27
79,Hilo,US,2021-04-13 19:23:08,19.7297,-155.09,77.0,57,1,6.91
80,Hamilton,US,2021-04-13 19:25:27,39.1834,-84.5333,66.99,36,20,4.61
81,Carnarvon,AU,2021-04-13 19:27:51,-24.8667,113.6333,70.0,45,0,24.81
82,Kaduqli,SD,2021-04-13 19:27:52,11.0167,29.7167,86.23,7,100,7.36
83,Khuzhir,RU,2021-04-13 19:27:52,53.1939,107.3397,29.01,77,77,9.98
84,Ponta Do Sol,PT,2021-04-13 19:27:52,32.6667,-17.1,64.0,90,9,1.99
85,Pingliang,CN,2021-04-13 19:27:53,35.5392,106.6861,39.65,86,100,2.73
86,Port Elizabeth,ZA,2021-04-13 19:27:53,-33.918,25.5701,71.6,94,90,4.61
87,Ribeira Grande,PT,2021-04-13 19:27:53,38.5167,-28.7,62.6,94,75,17.27
88,Kodiak,US,2021-04-13 19:27:54,57.79,-152.4072,39.2,81,90,9.22
89,Cabo San Lucas,MX,2021-04-13 19:27:54,22.8909,-109.9124,84.2,21,1,11.5
90,Upernavik,GL,2021-04-13 19:27:54,72.7868,-56.1549,9.72,91,100,10.29
91,Hermanus,ZA,2021-04-13 19:27:55,-34.4187,19.2345,67.59,71,8,5.35
92,Arraial Do Cabo,BR,2021-04-13 19:27:55,-22.9661,-42.0278,78.8,61,40,12.66
93,Khatanga,RU,2021-04-13 19:27:55,71.9667,102.5,22.23,94,100,15.99
94,Bilgi,IN,2021-04-13 19:27:55,16.35,75.6167,82.63,41,91,12.73
95,Ust-Nera,RU,2021-04-13 19:27:56,64.5667,143.2,-16.6,88,37,3.09
96,Victoria,HK,2021-04-13 19:27:28,22.2855,114.1577,77.0,88,13,1.01
97,Longyearbyen,SJ,2021-04-13 19:27:56,78.2186,15.6401,8.6,61,20,20.71
98,Paciran,ID,2021-04-13 19:27:57,-6.8767,112.3761,77.9,84,8,4.03
99,Busselton,AU,2021-04-13 19:27:57,-33.65,115.3333,58.59,71,100,2.62
100,Cherskiy,RU,2021-04-13 19:27:57,68.75,161.3,-17.95,99,93,4.59
101,Egvekinot,RU,2021-04-13 19:23:33,66.3167,-179.1667,6.1,83,100,13.53
102,Suluq,LY,2021-04-13 19:27:58,31.6682,20.2521,72.52,22,99,7.45
103,Jacareacanga,BR,2021-04-13 19:27:58,-6.2222,-57.7528,91.4,62,40,4.61
104,Kahului,US,2021-04-13 19:24:13,20.8947,-156.47,75.2,69,40,11.5
105,Castro,BR,2021-04-13 19:27:22,-24.7911,-50.0119,69.3,72,96,3.18
106,Ancud,CL,2021-04-13 19:27:59,-41.8697,-73.8203,70.0,68,0,8.05
107,Mbandaka,CD,2021-04-13 19:27:59,0.0487,18.2603,72.12,95,100,6.26
108,Deputatskiy,RU,2021-04-13 19:27:59,69.3,139.9,-11.67,79,19,2.64
109,Ostrovnoy,RU,2021-04-13 19:27:59,68.0531,39.5131,31.17,97,100,10.89
110,Torbay,CA,2021-04-13 19:24:25,47.6666,-52.7314,37.99,93,90,32.21
111,Rabo De Peixe,PT,2021-04-13 19:28:00,37.8,-25.5833,62.6,88,40,17.27
112,Imeni Poliny Osipenko,RU,2021-04-13 19:28:00,52.4201,136.4853,16.75,91,100,19.89
113,Hithadhoo,MV,2021-04-13 19:28:00,-0.6,73.0833,82.99,65,100,7.81
114,Saskylakh,RU,2021-04-13 19:28:01,71.9167,114.0833,5.61,99,97,4.36
115,Bilibino,RU,2021-04-13 19:25:19,68.0546,166.4372,-13.0,82,98,3.24
116,Kununurra,AU,2021-04-13 19:28:01,-15.7667,128.7333,68.0,100,14,2.95
117,Coihaique,CL,2021-04-13 19:28:01,-45.5752,-72.0662,66.2,63,75,8.05
118,Naze,JP,2021-04-13 19:28:02,28.3667,129.4833,63.57,76,59,11.86
119,Ishigaki,JP,2021-04-13 19:24:23,24.3448,124.1572,73.83,86,97,15.3
120,Sinnamary,GF,2021-04-13 19:28:02,5.3833,-52.95,82.54,72,65,10.63
121,Andenes,NO,2021-04-13 19:28:03,69.3143,16.1194,33.8,80,75,21.85
122,Anito,PH,2021-04-13 19:28:03,12.4497,125.2886,77.52,89,75,3.94
123,Bulungu,CD,2021-04-13 19:28:03,-4.55,18.6,75.54,76,96,2.51
124,Provideniya,RU,2021-04-13 19:24:43,64.3833,-173.3,18.09,93,100,13.76
125,Marang,MY,2021-04-13 19:28:04,5.2056,103.2059,78.8,94,20,3.44
126,Constitucion,CL,2021-04-13 19:28:04,-35.3333,-72.4167,68.14,62,9,11.3
127,Troitskoye,RU,2021-04-13 19:28:04,52.9821,84.6757,33.49,84,100,8.3
128,Saint George,US,2021-04-13 19:24:13,37.1041,-113.5841,78.01,14,1,13.6
129,Kaitangata,NZ,2021-04-13 19:28:05,-46.2817,169.8464,52.07,93,100,8.52
130,Narsaq,GL,2021-04-13 19:28:05,60.9167,-46.05,46.4,39,1,9.22
131,Champasak,LA,2021-04-13 19:28:05,14.75,106.0,74.8,84,84,1.25
132,Lompoc,US,2021-04-13 19:28:06,34.6391,-120.4579,55.0,71,15,12.12
133,Sant Feliu De Guixols,ES,2021-04-13 19:28:06,41.7833,3.0333,55.99,71,0,2.3
134,Monywa,MM,2021-04-13 19:28:06,22.1167,95.1333,89.42,29,19,2.71
135,Istok,XK,2021-04-13 19:28:07,42.7808,20.4875,48.2,66,75,20.71
136,Atar,MR,2021-04-13 19:28:07,20.5169,-13.0499,91.29,10,100,11.43
137,George Town,MY,2021-04-13 19:27:29,5.4112,100.3354,79.0,88,20,2.3
138,Ouallam,NE,2021-04-13 19:28:07,14.3188,2.0866,94.5,5,0,12.01
139,Pahrump,US,2021-04-13 19:28:08,36.2083,-115.9839,77.0,17,0,8.01
140,Boende,CD,2021-04-13 19:28:08,-0.2167,20.8667,70.57,94,100,2.3
141,Tuktoyaktuk,CA,2021-04-13 19:23:58,69.4541,-133.0374,15.8,79,20,4.61
142,Kurilsk,RU,2021-04-13 19:28:09,45.2333,147.8833,41.65,92,100,25.14
143,Allapalli,IN,2021-04-13 19:28:09,19.4167,80.0667,89.85,25,95,7.16
144,Mahebourg,MU,2021-04-13 19:28:09,-20.4081,57.7,78.8,83,75,5.75
145,Qaqortoq,GL,2021-04-13 19:28:09,60.7167,-46.0333,46.4,39,1,9.22
146,Iqaluit,CA,2021-04-13 19:28:10,63.7506,-68.5145,21.2,73,90,23.02
147,Bahia Blanca,AR,2021-04-13 19:28:10,-38.7196,-62.2724,80.73,29,0,10.27
148,Eirunepe,BR,2021-04-13 19:28:11,-6.6603,-69.8736,84.31,76,39,4.0
149,Hasaki,JP,2021-04-13 19:24:29,35.7333,140.8333,62.6,94,75,10.36
150,Mantua,IT,2021-04-13 19:28:11,45.1667,10.7833,46.99,85,99,1.99
151,Garden City,US,2021-04-13 19:28:11,42.3256,-83.331,66.2,36,20,17.27
152,Tsabong,BW,2021-04-13 19:24:41,-26.0217,22.401,77.09,28,0,9.04
153,Melilla,ES,2021-04-13 19:25:12,35.2937,-2.9383,60.8,82,90,6.91
154,Mar Del Plata,AR,2021-04-13 19:23:51,-38.0023,-57.5575,78.8,41,0,5.75
155,La Orilla,MX,2021-04-13 19:25:04,17.9833,-102.2333,83.12,57,52,11.16
156,Chokurdakh,RU,2021-04-13 19:28:12,70.6333,147.9167,-13.02,97,15,5.84
157,Kalengwa,ZM,2021-04-13 19:28:12,-13.4659,25.0027,64.15,80,49,4.74
158,Puerto Ayora,EC,2021-04-13 19:28:13,-0.7393,-90.3518,82.4,74,75,13.8
159,Khapa,IN,2021-04-13 19:28:13,21.4333,78.9667,82.4,34,40,3.44
160,Jijiga,ET,2021-04-13 19:25:40,9.35,42.8,69.62,63,25,4.54
161,Tonota,BW,2021-04-13 19:28:13,-21.4833,27.4833,64.4,55,0,5.75
162,Giaveno,IT,2021-04-13 19:28:14,45.047,7.3492,51.8,37,0,3.44
163,Tessalit,ML,2021-04-13 19:28:14,20.1986,1.0114,95.67,7,89,6.53
164,Jinchang,CN,2021-04-13 19:28:14,38.4953,102.1739,42.08,56,6,5.59
165,Homer,US,2021-04-13 19:28:15,59.6425,-151.5483,39.99,75,75,6.78
166,Charters Towers,AU,2021-04-13 19:28:15,-20.1,146.2667,65.57,92,6,9.31
167,Oshikango,NA,2021-04-13 19:28:15,-17.4,15.8833,73.4,49,18,3.44
168,Borogontsy,RU,2021-04-13 19:28:16,62.6683,131.1683,-5.19,100,76,4.5
169,Barrow,US,2021-04-13 19:23:28,71.2906,-156.7887,-0.4,71,1,8.05
170,Katherine,AU,2021-04-13 19:28:16,-14.4667,132.2667,62.6,82,50,8.05
171,Mount Gambier,AU,2021-04-13 19:28:17,-37.8333,140.7667,55.4,88,40,13.8
172,Kutum,SD,2021-04-13 19:25:09,14.2,24.6667,72.46,7,2,10.76
173,Namatanai,PG,2021-04-13 19:28:18,-3.6667,152.4333,77.7,79,100,6.58
174,Bowen,AU,2021-04-13 19:28:18,-20.0167,148.2333,69.8,94,75,6.91
175,Laguna,US,2021-04-13 19:28:18,38.421,-121.4238,71.01,34,1,10.36
176,Karratha,AU,2021-04-13 19:28:19,-20.7377,116.8463,81.07,73,81,13.24
177,Bam,IR,2021-04-13 19:28:19,29.106,58.357,75.54,28,100,6.8
178,Kanker,IN,2021-04-13 19:28:19,20.2719,81.4931,80.51,13,92,4.63
179,Zhigansk,RU,2021-04-13 19:28:20,66.7697,123.3711,15.03,92,100,19.6
180,Goderich,CA,2021-04-13 19:28:20,43.7501,-81.7165,57.2,41,44,5.75
181,Cidreira,BR,2021-04-13 19:28:20,-30.1811,-50.2056,73.11,56,12,8.12
182,Wetaskiwin,CA,2021-04-13 19:28:21,52.9668,-113.3687,42.8,33,87,10.36
183,Ometepec,MX,2021-04-13 19:28:21,16.6833,-98.4167,96.22,22,0,10.0
184,Abalak,RU,2021-04-13 19:28:21,58.1286,68.5944,41.31,76,26,7.78
185,Mehamn,NO,2021-04-13 19:28:22,71.0357,27.8492,28.4,69,75,19.57
186,Linhares,BR,2021-04-13 19:28:22,-19.3911,-40.0722,82.69,59,4,10.8
187,Bambous Virieux,MU,2021-04-13 19:23:35,-20.3428,57.7575,79.0,83,75,5.75
188,Mnogovershinnyy,RU,2021-04-13 19:28:22,53.9353,139.9242,14.36,94,100,15.05
189,Cayenne,GF,2021-04-13 19:28:23,4.9333,-52.3333,86.0,70,40,12.66
190,East London,ZA,2021-04-13 19:28:23,-33.0153,27.9116,71.6,94,0,6.91
191,Luang Prabang,LA,2021-04-13 19:28:23,19.8856,102.1347,70.29,94,98,0.69
192,Shenjiamen,CN,2021-04-13 19:28:23,29.9576,122.298,52.81,85,100,15.52
193,Bengkulu,ID,2021-04-13 19:28:24,-3.8004,102.2655,76.68,90,100,3.09
194,Yellowknife,CA,2021-04-13 19:28:19,62.456,-114.3525,35.01,69,75,13.8
195,Kruisfontein,ZA,2021-04-13 19:24:48,-34.0033,24.7314,66.0,93,11,1.99
196,Dunedin,NZ,2021-04-13 19:28:24,-45.8742,170.5036,54.0,92,100,3.0
197,Sambava,MG,2021-04-13 19:23:51,-14.2667,50.1667,75.87,90,100,9.71
198,Faanui,PF,2021-04-13 19:28:25,-16.4833,-151.75,80.76,73,99,10.94
199,Nizhniy Baskunchak,RU,2021-04-13 19:28:25,48.2198,46.8311,57.42,34,95,8.16
200,Miri,MY,2021-04-13 19:28:25,4.4148,114.0089,78.01,88,40,2.3
201,Talcahuano,CL,2021-04-13 19:28:26,-36.7167,-73.1167,68.0,64,0,13.8
202,Rapid Valley,US,2021-04-13 19:28:26,44.0625,-103.1463,41.0,38,1,28.77
203,Avarua,CK,2021-04-13 19:28:26,-21.2078,-159.775,80.6,74,20,1.14
204,Batemans Bay,AU,2021-04-13 19:28:27,-35.7167,150.1833,57.0,76,90,6.17
205,Kiunga,PG,2021-04-13 19:28:27,-6.1219,141.2906,70.16,99,92,1.21
206,Mirabad,AF,2021-04-13 19:28:27,30.4362,61.8383,78.75,29,100,12.03
207,Kirakira,SB,2021-04-13 19:25:09,-10.4544,161.9205,78.31,85,100,4.38
208,Goundam,ML,2021-04-13 19:28:28,16.4145,-3.6708,91.6,6,0,1.19
209,Vestmanna,FO,2021-04-13 19:28:28,62.1564,-7.1664,42.8,93,75,10.36
210,Kautokeino,NO,2021-04-13 19:28:28,69.0125,23.0412,9.93,90,97,2.46
211,Saint-Pierre,RE,2021-04-13 19:28:29,-21.3393,55.4781,78.8,73,0,4.61
212,Olinda,BR,2021-04-13 19:28:29,-8.0089,-34.8553,80.6,74,40,9.22
213,Elbistan,TR,2021-04-13 19:28:29,38.2059,37.1983,43.81,64,5,3.87
214,Port Hedland,AU,2021-04-13 19:28:30,-20.3167,118.5667,75.2,88,1,5.75
215,Broken Hill,AU,2021-04-13 19:28:30,-31.95,141.4333,68.0,18,40,11.5
216,Verkhoyansk,RU,2021-04-13 19:25:36,67.5447,133.385,-11.96,100,96,1.12
217,Immokalee,US,2021-04-13 19:28:30,26.4187,-81.4173,90.0,27,1,11.5
218,Siderno,IT,2021-04-13 19:28:31,38.2779,16.302,57.2,62,6,12.66
219,Akyab,MM,2021-04-13 19:28:31,20.15,92.9,79.9,77,1,5.19
220,Marbel,PH,2021-04-13 19:28:31,7.1158,124.9125,75.43,90,100,0.65
221,Port Augusta,AU,2021-04-13 19:28:31,-32.5,137.7667,60.01,72,75,4.61
222,Lukashin,AM,2021-04-13 19:28:32,40.1758,44.0186,48.2,66,20,3.44
223,Payson,US,2021-04-13 19:27:53,40.0444,-111.7321,55.0,28,75,11.5
224,San Andres,CO,2021-04-13 19:28:32,12.5847,-81.7006,87.8,70,40,12.66
225,Tokur,RU,2021-04-13 19:28:33,53.1333,132.9,7.86,90,100,3.98
226,Meulaboh,ID,2021-04-13 19:26:16,4.1363,96.1285,76.17,85,100,3.91
227,Borodino,RU,2021-04-13 19:28:33,55.9106,94.8983,30.52,91,93,13.82
228,Gamba,GA,2021-04-13 19:24:17,-2.65,10.0,79.93,84,100,5.46
229,Nuwara Eliya,LK,2021-04-13 19:26:18,6.9708,80.7829,56.7,96,96,0.81
230,Atlantic City,US,2021-04-13 19:24:23,39.3643,-74.4229,60.8,44,1,4.61
231,Kotido,UG,2021-04-13 19:28:34,2.9806,34.1331,73.04,65,100,3.58
232,Ploemeur,FR,2021-04-13 19:28:34,47.7333,-3.4333,48.99,46,0,9.22
233,Fortuna,US,2021-04-13 19:23:46,40.5982,-124.1573,61.0,67,1,13.8
234,Grindavik,IS,2021-04-13 19:28:34,63.8424,-22.4338,44.6,81,40,10.36
235,Souillac,MU,2021-04-13 19:28:35,-20.5167,57.5167,78.8,83,75,5.75
236,Port Macquarie,AU,2021-04-13 19:28:35,-31.4333,152.9167,51.01,96,4,6.53
237,Lagoa,PT,2021-04-13 19:28:35,39.05,-27.9833,60.37,91,98,19.1
238,Omsukchan,RU,2021-04-13 19:28:36,62.5333,155.8,-20.29,99,29,3.22
239,Nikolskoye,RU,2021-04-13 19:28:36,59.7035,30.7861,42.01,65,0,15.66
240,Codrington,AU,2021-04-13 19:28:36,-38.2667,141.9667,54.99,77,1,15.28
241,Fare,PF,2021-04-13 19:28:37,-16.7,-151.0167,82.36,69,93,12.77
242,Fort-Shevchenko,KZ,2021-04-13 19:25:08,44.5086,50.263,63.46,21,97,13.35
243,Rio Grande,BR,2021-04-13 19:28:37,-32.035,-52.0986,77.0,50,20,6.91
244,Scarborough,GB,2021-04-13 19:28:37,54.2797,-0.4044,43.0,76,93,4.94
245,Juba,SS,2021-04-13 19:28:38,4.8517,31.5825,76.23,69,100,7.83
246,Tarragona,ES,2021-04-13 19:26:58,41.129,1.249,57.0,82,40,3.44
247,Ahipara,NZ,2021-04-13 19:28:38,-35.1667,173.1667,62.65,70,3,13.31
248,Porto Belo,BR,2021-04-13 19:28:38,-27.1578,-48.5531,79.0,53,20,9.22
249,Arlit,NE,2021-04-13 19:28:39,18.7369,7.3853,90.37,6,0,4.92
250,Imbituba,BR,2021-04-13 19:28:39,-28.24,-48.6703,77.0,53,20,11.5
251,Iskateley,RU,2021-04-13 19:25:12,67.6803,53.1512,27.88,97,100,6.89
252,Pevek,RU,2021-04-13 19:28:39,69.7008,170.3133,-16.62,99,100,4.61
253,Orange Cove,US,2021-04-13 19:28:40,36.6244,-119.3137,75.99,30,0,4.9
254,Hami,CN,2021-04-13 19:28:40,42.8,93.45,52.43,21,0,4.74
255,Yeppoon,AU,2021-04-13 19:28:40,-23.1333,150.7333,62.6,77,0,8.05
256,Esperance,AU,2021-04-13 19:28:41,-33.8667,121.9,53.6,94,90,6.91
257,Bonoua,CI,2021-04-13 19:28:41,5.2741,-3.595,86.0,79,20,8.05
258,Kihei,US,2021-04-13 19:28:41,20.785,-156.4656,75.2,69,40,11.5
259,Tocopilla,CL,2021-04-13 19:28:42,-22.092,-70.1979,71.71,65,22,6.87
260,Akdepe,TM,2021-04-13 19:28:42,42.0551,59.3788,64.4,29,0,9.22
261,Magistralnyy,RU,2021-04-13 19:28:42,56.1725,107.4458,24.69,90,8,4.81
262,Challapalle,IN,2021-04-13 19:28:43,16.1167,80.9333,81.91,74,13,5.97
263,Kudahuvadhoo,MV,2021-04-13 19:28:43,2.6708,72.8944,83.28,69,20,6.93
264,Lata,PT,2021-04-13 19:28:43,40.1629,-8.3327,63.0,94,100,1.99
265,Claremore,US,2021-04-13 19:28:43,36.3126,-95.6161,68.0,29,1,11.5
266,Chifeng,CN,2021-04-13 19:28:44,42.2683,118.9636,34.63,38,0,3.29
267,Vanavara,RU,2021-04-13 19:28:44,60.34,102.2797,25.2,92,100,7.74
268,Dalbandin,PK,2021-04-13 19:24:07,28.8947,64.4101,79.54,17,100,5.97
269,Nelson,NZ,2021-04-13 19:28:40,-41.2833,173.2833,51.01,95,27,1.99
270,Pozo Colorado,PY,2021-04-13 19:28:45,-23.4923,-58.7972,91.0,34,14,5.39
271,Sioux Lookout,CA,2021-04-13 19:28:45,50.1001,-91.917,35.6,100,90,6.91
272,Bidar,IN,2021-04-13 19:28:45,17.9,77.55,84.36,35,87,5.93
273,Port Hardy,CA,2021-04-13 19:26:14,50.6996,-127.4199,46.4,71,40,4.61
274,New Waterford,US,2021-04-13 19:28:46,40.8451,-80.6145,69.01,39,99,3.0
275,Airai,TL,2021-04-13 19:28:46,-8.9266,125.4092,57.42,80,25,1.86
276,Sept-Iles,CA,2021-04-13 19:28:46,50.2001,-66.3821,44.01,65,7,6.91
277,Touros,BR,2021-04-13 19:28:47,-5.1989,-35.4608,86.0,66,40,17.27
278,Ust-Kuyga,RU,2021-04-13 19:28:47,70.0167,135.6,-12.03,96,57,5.41
279,Mount Isa,AU,2021-04-13 19:28:47,-20.7333,139.5,59.0,33,1,9.6
280,Thompson,CA,2021-04-13 19:28:48,55.7435,-97.8558,26.6,43,40,14.97
281,Nagato,JP,2021-04-13 19:28:48,34.3833,131.2,55.4,76,75,8.05
282,Maues,BR,2021-04-13 19:28:48,-3.3836,-57.7186,83.55,84,100,2.04
283,Vardo,NO,2021-04-13 19:28:48,70.3705,31.1107,28.4,74,0,8.05
284,Pachino,IT,2021-04-13 19:24:28,36.7186,15.0907,53.6,87,7,4.61
285,Beringovskiy,RU,2021-04-13 19:28:49,63.05,179.3167,8.6,91,98,12.06
286,Tadine,NC,2021-04-13 19:28:49,-21.55,167.8833,75.54,86,31,6.17
287,Porto Novo,BJ,2021-04-13 19:25:45,6.4965,2.6036,86.0,74,40,12.66
288,Abeche,TD,2021-04-13 19:28:50,13.8292,20.8324,85.05,5,79,11.72
289,Saint-Francois,FR,2021-04-13 19:28:50,46.4154,3.9054,42.01,65,0,6.91
290,Yulara,AU,2021-04-13 19:28:50,-25.2406,130.9889,71.6,64,6,13.8
291,Nurota,UZ,2021-04-13 19:28:50,40.5614,65.6886,57.2,33,0,9.22
292,Shouguang,CN,2021-04-13 19:28:51,36.88,118.7375,41.92,57,14,6.76
293,Portland,US,2021-04-13 19:24:51,45.5234,-122.6762,62.01,20,1,12.66
294,Merrill,US,2021-04-13 19:27:02,45.1805,-89.6835,37.4,70,90,11.5
295,Gwadar,PK,2021-04-13 19:28:18,25.1216,62.3254,79.36,64,4,6.6
296,Iquique,CL,2021-04-13 19:23:59,-20.2208,-70.1431,69.8,64,0,12.66
297,Namibe,AO,2021-04-13 19:28:52,-15.1961,12.1522,80.96,66,25,8.21
298,Acapulco,MX,2021-04-13 19:28:52,16.8634,-99.8901,86.0,66,1,5.75
299,Larkollen,NO,2021-04-13 19:28:52,59.3339,10.6656,39.0,70,0,3.44
300,Damietta,EG,2021-04-13 19:28:52,31.4165,31.8133,60.8,67,0,5.75
301,Belaya Gora,RU,2021-04-13 19:28:53,68.5333,146.4167,-15.75,100,40,0.81
302,Marawi,PH,2021-04-13 19:28:53,7.9986,124.2928,75.99,90,100,5.01
303,Chimbote,PE,2021-04-13 19:28:54,-9.0853,-78.5783,73.31,73,100,10.58
304,San Quintin,MX,2021-04-13 19:28:54,30.4833,-115.95,62.1,63,76,15.01
305,Riohacha,CO,2021-04-13 19:28:54,11.5444,-72.9072,84.92,71,100,15.39
306,Taltal,CL,2021-04-13 19:28:54,-25.4,-70.4833,68.65,69,24,5.08
307,Asfi,MA,2021-04-13 19:28:55,32.2994,-9.2372,64.78,82,100,11.97
308,Freeport,US,2021-04-13 19:28:55,40.6576,-73.5832,61.0,44,75,6.91
309,Bolobo,CD,2021-04-13 19:27:04,-2.1667,16.2333,74.52,86,30,6.87
310,Parabel,RU,2021-04-13 19:28:55,58.6978,81.4825,33.87,96,100,9.48
311,Worthington,US,2021-04-13 19:28:56,40.0931,-83.018,66.99,36,1,5.75
312,Nome,US,2021-04-13 19:24:43,64.5011,-165.4064,32.0,93,90,12.66
313,Sao Joao Da Barra,BR,2021-04-13 19:28:56,-21.6403,-41.0511,75.2,88,75,2.3
314,Mitsamiouli,KM,2021-04-13 19:28:56,-11.3847,43.2844,80.78,76,100,4.63
315,Evensk,RU,2021-04-13 19:28:57,61.95,159.2333,-6.41,81,10,7.38
316,Ler,SS,2021-04-13 19:28:57,8.3018,30.1418,87.1,17,100,4.7
317,Soldotna,US,2021-04-13 19:28:57,60.4878,-151.0583,39.2,75,1,0.83
318,Oistins,BB,2021-04-13 19:26:29,13.0667,-59.5333,84.2,65,40,13.8
319,Humberto De Campos,BR,2021-04-13 19:28:58,-2.5983,-43.4611,84.4,72,25,8.68
320,Pangkalanbuun,ID,2021-04-13 19:28:58,-2.6833,111.6167,72.45,97,100,2.53
321,Denpasar,ID,2021-04-13 19:28:58,-8.65,115.2167,78.8,89,20,2.3
322,Lorengau,PG,2021-04-13 19:25:23,-2.0226,147.2712,78.66,81,100,4.21
323,Mpulungu,ZM,2021-04-13 19:28:59,-8.7623,31.1141,72.07,85,100,6.96
324,Tiznit,MA,2021-04-13 19:28:59,29.5833,-9.5,66.38,55,100,7.94
325,Turmero,VE,2021-04-13 19:28:59,10.2239,-67.4729,89.6,62,40,2.3
326,Port Lincoln,AU,2021-04-13 19:29:00,-34.7333,135.8667,61.43,70,0,17.34
327,Tilichiki,RU,2021-04-13 19:29:00,60.4667,166.1,-13.34,91,12,7.16
328,Spencer,US,2021-04-13 19:29:00,43.1414,-95.1444,39.2,45,90,26.46
329,Bojonegoro,ID,2021-04-13 19:29:01,-7.1502,111.8817,74.7,92,31,2.42
330,Douglas,US,2021-04-13 19:29:01,41.3,-96.167,55.0,35,40,17.27
331,Cardston,CA,2021-04-13 19:29:01,49.2,-113.3019,39.2,47,100,9.22
332,Bobota,RO,2021-04-13 19:25:06,47.3833,22.7667,43.0,87,75,6.91
333,Riyadh,SA,2021-04-13 19:28:41,24.6877,46.7219,84.2,30,75,14.97
334,Matamoros,MX,2021-04-13 19:29:02,25.5333,-103.25,89.6,8,1,4.34
335,Bon Air,US,2021-04-13 19:24:51,37.5249,-77.5578,69.01,53,91,1.01
336,Ginda,IN,2021-04-13 19:29:02,30.6945,78.4932,57.0,26,25,8.77
337,Aplahoue,BJ,2021-04-13 19:29:03,6.9333,1.6833,82.8,64,100,10.96
338,Pemagatsel,BT,2021-04-13 19:29:03,27.0319,91.4266,56.44,36,0,6.4
339,Emerald,AU,2021-04-13 19:29:03,-23.5333,148.1667,60.8,88,0,4.61
340,Marau,BR,2021-04-13 19:29:03,-28.4492,-52.2,79.12,35,100,5.77
341,Mandalgovi,MN,2021-04-13 19:29:04,45.7625,106.2708,38.37,40,90,7.72
342,Biak,ID,2021-04-13 19:29:04,-0.9131,122.8766,75.76,83,97,4.41
343,Lardos,GR,2021-04-13 19:29:04,36.0942,28.0157,60.8,72,20,2.77
344,Ingham,US,2021-04-13 19:29:05,42.6,-84.3833,61.0,29,1,11.5
345,Meadow Lake,US,2021-04-13 19:29:05,34.8014,-106.5436,66.0,24,75,18.41
346,Haines Junction,CA,2021-04-13 19:24:48,60.7522,-137.5108,37.4,52,95,4.61
347,Marsa Matruh,EG,2021-04-13 19:29:06,31.3525,27.2453,60.8,72,0,6.91
348,Marsh Harbour,BS,2021-04-13 19:29:06,26.5412,-77.0636,76.14,51,0,11.72
349,Diffa,NE,2021-04-13 19:24:42,13.3154,12.6113,88.25,6,9,8.12
350,Matay,EG,2021-04-13 19:29:06,28.419,30.7792,68.77,25,10,8.61
351,Jining,CN,2021-04-13 19:26:54,35.405,116.5814,50.76,31,97,3.58
352,Sao Filipe,CV,2021-04-13 19:29:07,14.8961,-24.4956,78.24,59,0,10.58
353,Abiramam,IN,2021-04-13 19:29:07,9.4667,78.45,80.6,83,20,2.3
354,Nizhniy Kuranakh,RU,2021-04-13 19:29:07,58.8353,125.4869,2.17,95,67,3.27
355,Krasnoarmeyskoye,RU,2021-04-13 19:29:08,52.7182,50.0322,53.19,65,5,8.19
356,Hobyo,SO,2021-04-13 19:29:08,5.3505,48.5268,82.2,67,100,13.2
357,Tiksi,RU,2021-04-13 19:29:08,71.6872,128.8694,11.73,78,89,11.88
358,Berlevag,NO,2021-04-13 19:29:09,70.8578,29.0864,28.4,59,0,10.36
359,Coruripe,BR,2021-04-13 19:29:09,-10.1256,-36.1756,81.77,70,92,9.26
360,Port-Cartier,CA,2021-04-13 19:29:09,50.0334,-66.8654,44.01,65,8,6.91
361,Shache,CN,2021-04-13 19:29:10,38.4167,77.2406,57.96,32,100,3.87
362,Harbour Breton,CA,2021-04-13 19:29:10,47.4833,-55.7983,44.83,67,100,32.79
363,Erenhot,CN,2021-04-13 19:29:10,43.6475,111.9767,38.64,25,9,10.6
364,Sovetskiy,RU,2021-04-13 19:29:11,61.3614,63.5842,43.11,74,100,10.65
365,Cowra,AU,2021-04-13 19:29:11,-33.8333,148.6833,49.62,48,8,4.9
366,Kabare,CD,2021-04-13 19:29:11,-2.4683,28.8242,60.96,93,100,0.43
367,Mikhaylovsk,RU,2021-04-13 19:29:12,45.1283,42.0256,48.2,100,75,6.71
368,Seda,LV,2021-04-13 19:29:12,57.65,25.75,36.0,91,100,1.01
369,Aklavik,CA,2021-04-13 19:29:12,68.2191,-135.0107,28.4,54,1,2.57
370,Lumby,CA,2021-04-13 19:29:13,50.2498,-118.969,55.0,31,0,3.04
371,Westport,US,2021-04-13 19:29:13,41.1415,-73.3579,62.01,62,90,9.22
372,Merta,IN,2021-04-13 19:29:13,26.65,74.0333,84.22,14,45,9.28
373,Shestakovo,RU,2021-04-13 19:29:14,56.4915,103.96,25.16,96,100,4.12
374,Monkey Bay,MW,2021-04-13 19:29:14,-14.0728,34.9201,75.47,75,97,14.0
375,Kulhudhuffushi,MV,2021-04-13 19:29:14,6.6221,73.07,83.55,66,80,1.03
376,Kuminskiy,RU,2021-04-13 19:29:15,58.6667,66.5667,44.6,69,100,9.4
377,Katsuura,JP,2021-04-13 19:29:15,35.1333,140.3,64.0,95,100,1.99
378,Koslan,RU,2021-04-13 19:29:15,63.4564,48.8989,46.76,96,100,7.38
379,Najran,SA,2021-04-13 19:25:37,17.4924,44.1277,82.4,26,40,3.38
380,Vestmannaeyjar,IS,2021-04-13 19:29:16,63.4427,-20.2734,46.4,76,40,11.5
381,Kadhan,PK,2021-04-13 19:29:16,24.481,68.9859,80.78,40,5,11.79
382,Ilulissat,GL,2021-04-13 19:29:16,69.2167,-51.1,28.4,93,75,12.66
383,Hervey Bay,AU,2021-04-13 19:25:40,-25.2986,152.8535,61.0,82,17,8.05
384,Zigong,CN,2021-04-13 19:29:17,29.3416,104.7769,63.7,82,100,9.1
385,Nishihara,JP,2021-04-13 19:29:17,26.1842,127.7558,69.8,94,75,5.75
386,Hvide Sande,DK,2021-04-13 19:29:17,56.0045,8.1294,41.0,77,23,7.0
387,Cam Ranh,VN,2021-04-13 19:29:18,11.9214,109.1591,78.8,89,40,2.59
388,Sobolevo,RU,2021-04-13 19:29:18,54.4299,31.8996,51.69,90,100,4.65
389,Bathsheba,BB,2021-04-13 19:29:18,13.2167,-59.5167,84.2,65,40,13.8
390,Pisco,PE,2021-04-13 19:29:19,-13.7,-76.2167,71.6,68,0,10.36
391,Comodoro Rivadavia,AR,2021-04-13 19:27:58,-45.8667,-67.5,80.6,32,0,14.97
392,Alugan,PH,2021-04-13 19:29:19,12.2188,125.4808,78.82,84,99,5.01
393,Cukai,MY,2021-04-13 19:29:19,4.25,103.4167,78.8,89,13,2.3
394,Nanortalik,GL,2021-04-13 19:29:20,60.1432,-45.2371,38.44,69,0,5.19
395,Paamiut,GL,2021-04-13 19:29:20,61.994,-49.6678,33.91,87,3,5.55
396,Huarmey,PE,2021-04-13 19:29:20,-10.0681,-78.1522,72.37,77,100,9.48
397,Macklin,CA,2021-04-13 19:29:21,52.3334,-109.9348,44.6,18,66,16.11
398,College,US,2021-04-13 19:29:21,64.8569,-147.8028,39.2,56,75,1.43
399,Tiarei,PF,2021-04-13 19:29:21,-17.5333,-149.3333,82.4,65,75,11.5
400,Brumado,BR,2021-04-13 19:29:22,-14.2036,-41.6653,89.55,26,100,3.58
401,Dikson,RU,2021-04-13 19:29:22,73.5069,80.5464,2.55,94,100,12.53
402,Santa Cruz,BO,2021-04-13 19:24:26,-17.8,-63.1667,86.0,42,20,16.11
403,Oinoi,GR,2021-04-13 19:29:23,38.3235,23.6101,59.0,87,0,5.48
404,Glendive,US,2021-04-13 19:29:23,47.1053,-104.7125,28.99,86,90,18.41
405,Nhulunbuy,AU,2021-04-13 19:29:23,-12.2333,136.7667,77.0,88,100,3.44
406,Mossendjo,CG,2021-04-13 19:29:23,-2.9506,12.7261,71.15,98,100,2.75
407,Sibolga,ID,2021-04-13 19:29:24,1.7427,98.7792,75.09,86,100,2.8
408,Xai-Xai,MZ,2021-04-13 19:29:24,-25.0519,33.6442,72.03,85,4,7.09
409,Yerbogachen,RU,2021-04-13 19:29:24,61.2767,108.0108,16.48,95,19,5.06
410,Olafsvik,IS,2021-04-13 19:29:25,64.8945,-23.7142,41.74,86,14,9.8
411,Patrocinio,BR,2021-04-13 19:26:57,-18.9439,-46.9925,84.2,34,0,2.3
412,Poum,NC,2021-04-13 19:24:40,-20.2333,164.0167,77.72,84,100,17.29
413,Goundi,TD,2021-04-13 19:29:25,9.3627,17.366,94.24,11,70,4.7
414,Saint-Raymond,CA,2021-04-13 19:29:25,45.467,-73.6095,64.99,42,43,6.91
415,Vysokogornyy,RU,2021-04-13 19:29:26,50.1167,139.15,14.43,92,100,9.04
416,Xudat,AZ,2021-04-13 19:29:26,41.631,48.681,53.01,59,34,3.74
417,Wilmington,US,2021-04-13 19:26:48,34.2257,-77.9447,75.99,35,1,14.97
418,Virginia Beach,US,2021-04-13 19:27:25,36.8529,-75.978,60.01,63,75,10.36
419,Ola,RU,2021-04-13 19:29:27,59.5833,151.2833,5.36,80,100,11.32
420,Monteagudo,BO,2021-04-13 19:29:27,-19.8167,-63.9833,78.8,44,75,6.31
421,Mansa,IN,2021-04-13 19:29:27,29.9833,75.3833,81.59,17,99,4.94
422,Kitimat,CA,2021-04-13 19:26:42,54.0524,-128.6534,51.01,62,100,0.69
423,Amahai,ID,2021-04-13 19:29:28,-3.3333,128.9167,78.21,83,100,1.88
424,Sola,VU,2021-04-13 19:29:28,-13.8833,167.55,82.72,74,31,15.97
425,General Roca,AR,2021-04-13 19:29:28,-39.0333,-67.5833,80.6,32,0,8.05
426,Tuatapere,NZ,2021-04-13 19:29:29,-46.1333,167.6833,51.01,96,100,5.99
427,Lanzhou,CN,2021-04-13 19:27:48,36.0564,103.7922,46.99,60,12,1.86
428,Basco,PH,2021-04-13 19:29:29,20.4487,121.9702,78.01,78,14,13.65
429,Tambovka,RU,2021-04-13 19:29:29,50.0969,128.0489,17.6,62,40,4.47
430,Salinas,US,2021-04-13 19:29:30,36.6777,-121.6555,57.2,62,90,14.97
431,Gambo,CF,2021-04-13 19:29:30,4.6482,22.2633,66.06,95,100,1.88
432,Marsaxlokk,MT,2021-04-13 19:29:30,35.8419,14.5431,55.99,76,0,20.71
433,Kupang,ID,2021-04-13 19:29:31,-10.1667,123.5833,75.63,85,65,4.61
434,Caernarfon,GB,2021-04-13 19:29:31,53.1413,-4.2702,48.2,71,8,3.44
435,Quatre Cocos,MU,2021-04-13 19:29:31,-20.2078,57.7625,79.0,83,75,5.75
436,Oranjemund,NA,2021-04-13 19:29:31,-28.55,16.4333,72.5,48,0,2.84
437,Faya,SA,2021-04-13 19:29:32,18.3851,42.4509,66.2,59,0,4.61
438,Belomorsk,RU,2021-04-13 19:29:32,64.5232,34.7668,44.01,86,100,7.94
439,Asau,RO,2021-04-13 19:29:32,46.4333,26.4,57.2,51,0,14.97
440,Pacific Grove,US,2021-04-13 19:26:00,36.6177,-121.9166,57.2,62,75,13.8
441,Sajanan,TN,2021-04-13 19:29:33,37.0573,9.2426,57.2,67,40,5.75
442,Orumiyeh,IR,2021-04-13 19:29:33,37.5527,45.0761,55.4,30,0,13.8
443,Sacramento,US,2021-04-13 19:29:33,38.4666,-121.3177,71.01,42,1,9.22
444,Soe,ID,2021-04-13 19:29:34,-9.8607,124.284,63.14,89,12,3.74
445,San Patricio,US,2021-04-13 19:29:34,28.017,-97.5169,88.0,74,75,11.5
446,Keti Bandar,PK,2021-04-13 19:29:34,24.1447,67.4497,80.1,58,0,11.05
447,Clyde,US,2021-04-13 19:29:35,41.3042,-82.9752,66.0,34,95,10.69
448,Bella Union,UY,2021-04-13 19:29:35,-30.2752,-57.6007,77.18,45,0,6.04
449,Buala,SB,2021-04-13 19:29:35,-8.145,159.5921,78.49,75,57,1.88
450,Porto Walter,BR,2021-04-13 19:29:35,-8.2686,-72.7439,79.0,91,88,4.0
451,Yarada,IN,2021-04-13 19:29:36,17.65,83.2667,82.4,78,40,2.3
452,Curanilahue,CL,2021-04-13 19:29:36,-37.4667,-73.35,73.98,44,55,7.67
453,Saiha,IN,2021-04-13 19:29:36,22.4833,92.9667,67.6,51,2,3.58
454,Itaituba,BR,2021-04-13 19:29:37,-4.2761,-55.9836,87.8,70,40,5.75
455,Punta Alta,AR,2021-04-13 19:24:58,-38.8759,-62.0736,78.85,36,0,10.04
456,Mansfield,GB,2021-04-13 19:28:11,53.1333,-1.2,48.0,62,100,3.8
457,Taoudenni,ML,2021-04-13 19:29:37,22.6783,-3.9836,98.62,7,54,6.71
458,Jalu,LY,2021-04-13 19:29:37,29.0331,21.5482,76.08,14,100,11.36
459,Klyuchi,RU,2021-04-13 19:29:38,52.2667,79.1667,34.99,87,3,5.06
460,Saldanha,ZA,2021-04-13 19:29:38,-33.0117,17.9442,68.0,60,100,4.61
461,Huittinen,FI,2021-04-13 19:29:24,61.1833,22.7,37.4,60,0,9.22
462,Vostok,RU,2021-04-13 19:29:39,46.4856,135.8833,16.7,70,2,11.07
463,Port Blair,IN,2021-04-13 19:29:39,11.6667,92.75,82.45,72,100,3.8
464,Lasa,IT,2021-04-13 19:29:39,46.6166,10.7002,48.2,54,0,10.36
465,Tibiri,NE,2021-04-13 19:29:40,13.5627,7.0485,96.8,5,0,6.91
466,Conceicao Do Araguaia,BR,2021-04-13 19:29:40,-8.2578,-49.2647,91.4,55,0,5.75
467,Mineiros,BR,2021-04-13 19:29:20,-17.5694,-52.5511,84.45,34,0,3.51
468,Vila Velha,BR,2021-04-13 19:24:59,-20.3297,-40.2925,80.01,65,0,14.97
469,Non Thai,TH,2021-04-13 19:29:40,15.1981,102.0358,86.0,81,36,6.98
470,Kawalu,ID,2021-04-13 19:29:41,-7.3817,108.2082,72.18,95,100,1.14
471,Gambela,ET,2021-04-13 19:29:41,8.25,34.5833,82.22,49,100,4.29
472,Talnakh,RU,2021-04-13 19:29:41,69.4865,88.3972,23.74,95,100,14.18
473,Imperial,US,2021-04-13 19:29:42,33.0334,-115.4175,80.6,26,1,7.65
474,Buy,RU,2021-04-13 19:29:42,58.4786,41.53,49.06,81,98,7.0
475,Lanigan,CA,2021-04-13 19:29:42,51.8501,-105.0344,28.4,74,100,23.02
476,Los Llanos De Aridane,ES,2021-04-13 19:29:42,28.6585,-17.9182,71.6,78,20,3.44
477,Gizo,SB,2021-04-13 19:29:43,-8.103,156.8419,79.63,78,25,1.95
478,Muzaffarpur,IN,2021-04-13 19:29:43,26.1167,85.4,77.0,33,0,5.21
479,Havoysund,NO,2021-04-13 19:29:44,70.9963,24.6622,32.0,64,75,9.22
480,Kushmurun,KZ,2021-04-13 19:29:44,52.4503,64.6311,33.73,91,1,5.41
481,Sistranda,NO,2021-04-13 19:29:44,63.7256,8.834,37.4,81,75,16.11
482,San Miguel,SV,2021-04-13 19:29:44,13.4833,-88.1833,98.6,47,40,3.44
483,Saint-Leu,RE,2021-04-13 19:29:45,-21.15,55.2833,78.8,73,0,4.61
484,Augusto Correa,BR,2021-04-13 19:29:45,-1.0217,-46.635,80.13,90,100,5.37
485,Poya,NC,2021-04-13 19:29:45,-21.35,165.15,74.79,92,100,8.59
486,Bua Yai,TH,2021-04-13 19:29:46,15.5855,102.4259,81.75,63,67,7.34
487,Pirot,RS,2021-04-13 19:29:46,43.1531,22.5861,52.0,100,51,2.51
488,Ponta Delgada,PT,2021-04-13 19:29:46,37.7333,-25.6667,62.6,88,40,17.27
489,Khudumelapye,BW,2021-04-13 19:29:47,-23.8833,24.75,68.79,32,0,4.99
490,Kuusamo,FI,2021-04-13 19:29:47,65.9667,29.1833,32.0,86,0,9.22
491,Mana,GF,2021-04-13 19:29:47,5.6592,-53.7767,82.94,71,44,10.83
492,Jacksonville,US,2021-04-13 19:29:48,30.3322,-81.6556,84.0,44,1,11.5
493,Yarmouth,US,2021-04-13 19:29:48,41.7057,-70.2286,51.8,71,90,14.97
494,Key Largo,US,2021-04-13 19:28:26,25.0865,-80.4473,84.99,34,0,7.0
495,Adrar,MR,2021-04-13 19:25:49,20.5022,-10.0711,89.55,13,14,10.29
496,Portel,BR,2021-04-13 19:29:49,-1.9356,-50.8211,86.18,65,100,3.98
497,Krasnoarmeysk,RU,2021-04-13 19:29:49,51.0239,45.6969,51.44,55,98,7.65
498,Mocuba,MZ,2021-04-13 19:29:49,-16.8392,36.9856,69.01,95,71,2.89
499,Coahuayana,MX,2021-04-13 19:29:49,18.7333,-103.6833,80.6,61,75,8.23
500,Paka,MY,2021-04-13 19:29:50,4.6374,103.4368,78.8,89,39,2.3
501,Gaogou,CN,2021-04-13 19:29:50,34.0175,119.1886,44.38,74,100,3.89
502,Port Moresby,PG,2021-04-13 19:29:50,-9.4431,147.1797,68.0,100,20,3.44
503,Valparaiso,CL,2021-04-13 19:27:29,-33.0393,-71.6273,57.2,88,90,5.75
504,Okhotsk,RU,2021-04-13 19:29:51,59.3833,143.3,2.23,99,99,6.82
505,Ust-Omchug,RU,2021-04-13 19:29:51,61.15,149.6333,-21.48,99,77,2.13
506,Ambovombe,MG,2021-04-13 19:29:51,-25.1667,46.0833,73.9,85,73,15.95
507,Khandagayty,RU,2021-04-13 19:29:52,50.7333,92.05,31.93,52,100,13.94
508,Thinadhoo,MV,2021-04-13 19:29:52,0.5333,72.9333,82.99,67,100,7.94
509,Coquimbo,CL,2021-04-13 19:26:44,-29.9533,-71.3436,59.0,82,40,13.8
510,Neuquen,AR,2021-04-13 19:29:52,-38.9516,-68.0591,80.6,32,0,8.05
511,Cooma,AU,2021-04-13 19:29:53,-36.2333,149.1333,53.6,50,74,8.05
512,Lugovoy,KZ,2021-04-13 19:29:53,42.9472,72.7644,53.42,70,100,2.77
513,Ossora,RU,2021-04-13 19:29:53,59.2353,163.0719,-5.12,80,7,4.85
514,Nelson Bay,AU,2021-04-13 19:29:54,-32.7167,152.15,54.0,100,6,3.44
515,Broome,US,2021-04-13 19:29:54,42.2506,-75.833,63.0,49,8,3.0
516,Salalah,OM,2021-04-13 19:25:42,17.0151,54.0924,82.4,69,0,4.61
517,San Juan,AR,2021-04-13 19:26:03,-31.5375,-68.5364,81.84,18,0,5.23
518,Isangel,VU,2021-04-13 19:29:55,-19.55,169.2667,78.3,85,8,4.79
519,Vila,PT,2021-04-13 19:26:20,42.0304,-8.1588,55.99,86,100,3.0
520,Aksum,ET,2021-04-13 19:29:55,14.1245,38.7244,68.09,50,100,6.49
521,Pyapon,MM,2021-04-13 19:29:55,16.2833,95.6833,81.19,68,100,7.09
522,Badou,TG,2021-04-13 19:29:56,7.5833,0.6,81.84,61,36,4.0
523,North Bend,US,2021-04-13 19:29:56,43.4065,-124.2243,63.0,44,1,10.36
524,Usinsk,RU,2021-04-13 19:29:56,65.9939,57.5281,36.63,99,100,10.63
525,Sechura,PE,2021-04-13 19:29:57,-5.5569,-80.8222,78.85,58,100,10.96
526,Bontang,ID,2021-04-13 19:29:57,0.1333,117.5,75.15,91,100,5.44
527,Half Moon Bay,US,2021-04-13 19:25:24,37.4636,-122.4286,59.0,76,75,13.8
528,Kangaba,ML,2021-04-13 19:29:58,11.9333,-8.4167,97.75,18,23,6.11
529,Maragogi,BR,2021-04-13 19:29:58,-9.0122,-35.2225,80.76,79,100,7.31
530,Novyy Buh,UA,2021-04-13 19:29:58,47.6931,32.5216,50.0,76,90,11.18
531,Yumen,CN,2021-04-13 19:29:59,40.2833,97.2,44.56,30,0,2.75
532,Cockburn Town,TC,2021-04-13 19:29:59,21.4612,-71.1419,80.6,69,40,5.75
533,Omboue,GA,2021-04-13 19:29:59,-1.5746,9.2618,80.22,82,100,5.35
